PLAYER_ID,RANK,PLAYER,TEAM_ID,TEAM,GP,MIN,FGM,FGA,FG_PCT,FG3M,FG3A,FG3_PCT,FTM,FTA,FT_PCT,OREB,DREB,REB,AST,STL,BLK,TOV,PF,PTS,EFF,AST_TOV,STL_TOV,Season
947,1,Allen Iverson,1610612755,PHI,75,3173,771,1818,0.424,104,338,0.308,656,786,0.835,51,248,299,596,180,9,344,140,2302,1865,1.73,0.52,2004
2544,2,LeBron James,1610612739,CLE,80,3388,795,1684,0.472,108,308,0.351,477,636,0.75,111,477,588,577,177,52,262,146,2175,2259,2.2,0.68,2004
2405,3,Amar'e Stoudemire,1610612756,PHX,80,2886,747,1336,0.559,3,16,0.188,583,795,0.733,219,494,713,131,77,130,189,278,2080,2141,0.69,0.41,2004
2240,4,Gilbert Arenas,1610612764,WAS,80,3274,656,1523,0.431,205,562,0.365,521,640,0.814,83,295,378,411,139,23,242,245,2038,1761,1.7,0.57,2004
1717,5,Dirk Nowitzki,1610612742,DAL,78,3020,663,1445,0.459,91,228,0.399,615,708,0.869,96,661,757,240,97,119,176,219,2032,2194,1.36,0.55,2004
1503,6,Tracy McGrady,1610612745,HOU,78,3182,715,1660,0.431,142,435,0.326,431,557,0.774,71,413,484,448,135,52,201,167,2003,1850,2.23,0.67,2004
1713,7,Vince Carter,1610612751,NJN,77,2828,696,1541,0.452,127,313,0.406,367,460,0.798,106,295,401,327,109,48,168,243,1886,1665,1.95,0.65,2004
951,8,Ray Allen,1610612760,SEA,78,3064,640,1494,0.428,209,556,0.376,378,428,0.883,79,268,347,289,84,5,171,167,1867,1517,1.69,0.49,2004
2548,9,Dwyane Wade,1610612748,MIA,77,2974,630,1318,0.478,13,45,0.289,581,762,0.762,110,287,397,520,121,82,321,230,1854,1784,1.62,0.38,2004
977,10,Kobe Bryant,1610612747,LAL,66,2689,573,1324,0.433,131,387,0.339,542,664,0.816,95,297,392,398,86,53,270,174,1819,1605,1.47,0.32,2004
708,11,Kevin Garnett,1610612750,MIN,82,3121,683,1360,0.502,6,25,0.24,445,549,0.811,247,861,1108,466,121,112,222,207,1817,2621,2.1,0.55,2004
950,12,Stephon Marbury,1610612752,NYK,82,3281,604,1308,0.462,115,325,0.354,458,549,0.834,50,198,248,668,122,6,233,186,1781,1797,2.87,0.52,2004
1718,13,Paul Pierce,1610612738,BOS,82,2960,556,1223,0.455,108,292,0.37,549,668,0.822,78,461,539,348,133,39,230,255,1769,1812,1.51,0.58,2004
2072,14,Michael Redd,1610612749,MIL,75,2848,625,1418,0.441,104,293,0.355,369,432,0.854,72,240,312,172,63,8,133,152,1723,1289,1.29,0.47,2004
406,15,Shaquille O'Neal,1610612748,MIA,73,2490,658,1095,0.601,0,0,0.0,353,765,0.461,253,507,760,200,36,171,203,262,1669,1784,0.98,0.18,2004
1883,16,Steve Francis,1610612753,ORL,78,2976,563,1330,0.423,38,127,0.299,499,606,0.823,126,324,450,547,112,28,317,273,1663,1609,1.73,0.35,2004
1882,17,Elton Brand,1610612746,LAC,81,3002,629,1251,0.503,0,3,0.0,364,484,0.752,296,474,770,208,62,169,183,240,1622,1906,1.14,0.34,2004
1710,18,Mike Bibby,1610612758,SAC,80,3083,560,1264,0.443,131,364,0.36,320,413,0.775,77,255,332,541,124,30,203,191,1571,1598,2.67,0.61,2004
1890,19,Shawn Marion,1610612756,PHX,81,3147,613,1289,0.476,114,341,0.334,229,275,0.833,235,680,915,154,163,119,125,199,1569,2073,1.23,1.3,2004
2202,20,Jason Richardson,1610612744,GSW,72,2725,610,1368,0.446,125,370,0.338,214,309,0.693,125,299,424,281,105,32,169,156,1559,1379,1.66,0.62,2004
2546,21,Carmelo Anthony,1610612743,DEN,75,2608,530,1230,0.431,42,158,0.266,456,573,0.796,141,285,426,194,68,30,224,229,1558,1235,0.87,0.3,2004
147,22,Jalen Rose,1610612761,TOR,81,2710,527,1159,0.455,108,274,0.394,333,390,0.854,44,232,276,209,63,10,180,190,1495,1184,1.16,0.35,2004
952,23,Antoine Walker,1610612738,BOS,77,2955,581,1377,0.422,110,341,0.323,201,373,0.539,182,513,695,265,89,58,253,217,1473,1359,1.05,0.35,2004
2397,24,Yao Ming,1610612745,HOU,80,2447,538,975,0.552,0,0,0.0,389,497,0.783,208,461,669,61,34,160,196,298,1465,1648,0.31,0.17,2004
1894,25,Corey Maggette,1610612746,LAC,66,2437,425,986,0.431,51,168,0.304,563,657,0.857,70,324,394,225,70,8,195,191,1464,1311,1.15,0.36,2004
1740,26,Rashard Lewis,1610612760,SEA,71,2698,532,1151,0.462,173,432,0.4,220,283,0.777,110,278,388,94,75,62,123,158,1457,1271,0.76,0.61,2004
1888,27,Richard Hamilton,1610612765,DET,76,2927,510,1160,0.44,36,118,0.305,368,429,0.858,74,221,295,372,77,13,217,232,1424,1253,1.71,0.35,2004
2207,28,Joe Johnson,1610612756,PHX,82,3238,544,1179,0.461,177,370,0.478,135,180,0.75,120,302,422,291,79,24,148,167,1400,1388,1.97,0.53,2004
2046,29,Desmond Mason,1610612749,MIL,80,2893,478,1079,0.443,1,8,0.125,420,524,0.802,85,227,312,217,58,27,164,198,1377,1122,1.32,0.35,2004
2547,30,Chris Bosh,1610612761,TOR,81,3015,473,1005,0.471,3,10,0.3,412,542,0.76,194,524,718,153,76,113,187,226,1361,1572,0.82,0.41,2004
1716,31,Larry Hughes,1610612764,WAS,61,2358,467,1086,0.43,59,209,0.282,352,453,0.777,74,308,382,285,176,18,153,168,1345,1333,1.86,1.15,2004
1495,32,Tim Duncan,1610612759,SAS,66,2203,517,1042,0.496,3,9,0.333,305,455,0.67,202,530,732,179,45,174,127,144,1342,1670,1.41,0.35,2004
1712,33,Antawn Jamison,1610612764,WAS,68,2605,519,1189,0.437,71,208,0.341,225,296,0.76,160,359,519,154,55,16,118,151,1334,1219,1.3,0.47,2004
2225,34,Tony Parker,1610612759,SAS,80,2735,539,1118,0.482,43,156,0.276,210,323,0.65,47,251,298,491,98,4,215,167,1331,1315,2.28,0.46,2004
978,35,Peja Stojakovic,1610612758,SAC,66,2534,451,1016,0.444,174,433,0.402,253,275,0.92,62,223,285,138,79,12,102,157,1329,1154,1.35,0.78,2004
980,36,Zydrunas Ilgauskas,1610612739,CLE,78,2615,458,979,0.468,2,7,0.286,402,503,0.799,299,373,672,100,53,165,191,313,1320,1497,0.52,0.28,2004
255,37,Grant Hill,1610612753,ORL,67,2338,517,1015,0.509,3,13,0.231,280,341,0.821,77,241,318,220,97,28,161,144,1317,1260,1.37,0.6,2004
1497,38,Chauncey Billups,1610612765,DET,80,2866,404,913,0.442,165,387,0.426,343,382,0.898,48,223,271,464,81,9,180,194,1316,1413,2.58,0.45,2004
1729,39,Ricky Davis,1610612738,BOS,82,2696,481,1041,0.462,61,180,0.339,286,351,0.815,66,183,249,246,89,27,205,174,1309,1090,1.2,0.43,2004
185,40,Chris Webber,1610612755,PHI,67,2371,555,1283,0.433,15,44,0.341,181,228,0.794,130,482,612,318,94,53,182,214,1306,1426,1.75,0.52,2004
757,41,Damon Stoudamire,1610612757,POR,81,2764,457,1165,0.392,181,490,0.369,182,199,0.915,56,254,310,458,86,2,164,158,1277,1244,2.79,0.52,2004
1887,42,Wally Szczerbiak,1610612750,MIN,81,2560,465,919,0.506,63,169,0.373,260,304,0.855,82,221,303,191,40,16,132,178,1253,1173,1.45,0.3,2004
2037,43,Jamal Crawford,1610612752,NYK,70,2688,437,1097,0.398,185,512,0.361,182,216,0.843,33,170,203,302,92,19,148,135,1241,1015,2.04,0.62,2004
2732,44,Ben Gordon,1610612741,CHI,82,2001,434,1056,0.411,134,331,0.405,233,270,0.863,55,160,215,164,53,10,186,224,1235,832,0.88,0.28,2004
2250,45,Bobby Simmons,1610612746,LAC,75,2799,474,1017,0.466,50,115,0.435,231,273,0.846,128,318,446,205,106,16,135,227,1229,1282,1.52,0.79,2004
2550,46,Kirk Hinrich,1610612741,CHI,77,2801,445,1122,0.397,145,408,0.355,171,216,0.792,32,272,304,494,122,21,176,244,1206,1249,2.81,0.69,2004
2419,46,Tayshaun Prince,1610612765,DET,82,3038,469,963,0.487,47,138,0.341,221,274,0.807,133,302,435,247,56,71,135,161,1206,1333,1.83,0.41,2004
2406,48,Caron Butler,1610612747,LAL,77,2747,441,991,0.445,38,125,0.304,275,319,0.862,146,304,450,146,110,23,125,213,1195,1205,1.17,0.88,2004
1938,49,Manu Ginobili,1610612759,SAS,74,2193,367,780,0.471,97,258,0.376,355,442,0.803,75,254,329,288,119,27,172,190,1186,1277,1.67,0.69,2004
2400,50,Drew Gooden,1610612739,CLE,82,2523,464,943,0.492,5,28,0.179,251,310,0.81,207,546,753,130,77,76,133,233,1184,1549,0.98,0.58,2004
2047,51,Quentin Richardson,1610612756,PHX,79,2839,407,1045,0.389,226,631,0.358,136,184,0.739,91,388,479,158,96,27,102,197,1176,1148,1.55,0.94,2004
959,52,Steve Nash,1610612756,PHX,75,2573,430,857,0.502,94,218,0.431,211,238,0.887,57,192,249,861,74,6,245,136,1165,1656,3.51,0.3,2004
1733,53,Al Harrington,1610612737,ATL,66,2549,453,986,0.459,16,74,0.216,236,351,0.672,145,316,461,208,85,16,204,249,1158,1076,1.02,0.42,2004
739,54,Rasheed Wallace,1610612765,DET,79,2687,467,1062,0.44,75,236,0.318,136,195,0.697,174,470,644,142,65,115,127,236,1145,1330,1.12,0.51,2004
1747,55,Rafer Alston,1610612761,TOR,80,2718,403,974,0.414,139,389,0.357,191,258,0.74,42,237,279,514,118,7,170,212,1136,1246,3.02,0.69,2004
1749,56,Cuttino Mobley,1610612758,SAC,66,2389,408,932,0.438,150,342,0.439,168,205,0.82,45,184,229,188,74,30,133,152,1134,961,1.41,0.56,2004
1088,57,Chucky Atkins,1610612747,LAL,82,2904,388,910,0.426,176,455,0.387,163,203,0.803,31,166,197,358,73,2,151,181,1115,1032,2.37,0.48,2004
1889,58,Andre Miller,1610612743,DEN,82,2852,427,895,0.477,6,39,0.154,253,302,0.838,100,238,338,569,121,8,220,204,1113,1412,2.59,0.55,2004
2731,59,Emeka Okafor,1610612766,CHA,73,2598,448,1003,0.447,0,1,0.0,209,343,0.609,275,520,795,64,62,125,125,214,1105,1337,0.51,0.5,2004
1723,60,Matt Harpring,1610612762,UTA,78,2586,418,855,0.489,9,43,0.209,245,315,0.778,196,284,480,142,70,16,133,250,1090,1158,1.07,0.53,2004
2030,61,Kenyon Martin,1610612743,DEN,70,2275,444,907,0.49,0,12,0.0,199,308,0.646,146,365,511,170,100,78,149,228,1087,1225,1.14,0.67,2004
2211,62,Troy Murphy,1610612744,GSW,70,2375,392,947,0.414,59,148,0.399,233,319,0.73,251,505,756,97,53,33,108,190,1076,1266,0.9,0.49,2004
979,63,Jermaine O'Neal,1610612754,IND,44,1529,386,854,0.452,1,6,0.167,295,391,0.754,85,303,388,82,25,88,131,173,1068,956,0.63,0.19,2004
2399,64,Mike Dunleavy,1610612744,GSW,79,2568,408,905,0.451,107,276,0.388,134,172,0.779,97,338,435,203,79,26,132,198,1057,1133,1.54,0.6,2004
2246,65,Mehmet Okur,1610612762,UTA,82,2304,354,756,0.468,17,63,0.27,329,387,0.85,194,422,616,166,32,68,141,227,1054,1335,1.18,0.23,2004
2050,66,Morris Peterson,1610612761,TOR,82,2511,356,848,0.42,129,335,0.385,188,226,0.832,71,269,340,169,91,18,93,219,1029,1024,1.82,0.98,2004
2034,67,Mike Miller,1610612763,MEM,76,2280,387,766,0.505,140,323,0.433,108,150,0.72,36,264,300,220,54,23,127,197,1022,1071,1.73,0.42,2004
84,68,Latrell Sprewell,1610612750,MIN,80,2451,398,961,0.414,69,211,0.327,156,188,0.83,65,189,254,179,53,21,127,124,1021,806,1.41,0.42,2004
224,69,Eddie Jones,1610612748,MIA,80,2840,351,820,0.428,142,382,0.372,174,216,0.806,38,367,405,212,86,38,99,251,1018,1149,2.14,0.87,2004
1863,70,Earl Boykins,1610612743,DEN,82,2164,340,824,0.413,56,166,0.337,279,303,0.921,37,106,143,372,78,12,121,122,1015,991,3.07,0.65,2004
2201,71,Eddy Curry,1610612741,CHI,63,1806,393,730,0.538,0,0,0.0,226,314,0.72,116,222,338,37,21,58,163,202,1012,878,0.23,0.13,2004
714,72,Michael Finley,1610612742,DAL,64,2358,387,907,0.427,116,285,0.407,113,136,0.831,45,217,262,169,48,18,60,123,1003,897,2.82,0.8,2004
2200,73,Pau Gasol,1610612763,MEM,56,1790,357,695,0.514,1,6,0.167,282,367,0.768,130,280,410,135,37,93,137,146,997,1112,0.98,0.27,2004
1891,74,Jason Terry,1610612742,DAL,80,2403,372,743,0.501,103,245,0.42,146,173,0.844,38,150,188,429,109,15,147,177,993,1189,2.92,0.74,2004
2730,75,Dwight Howard,1610612753,ORL,82,2671,352,677,0.52,0,2,0.0,277,413,0.671,287,536,823,75,77,136,165,232,981,1466,0.46,0.47,2004
976,76,Jeff McInnis,1610612739,CLE,76,2651,377,915,0.412,91,264,0.345,130,160,0.813,32,125,157,391,56,1,117,177,975,895,3.34,0.48,2004
1885,76,Lamar Odom,1610612747,LAL,64,2320,366,774,0.473,36,117,0.308,207,298,0.695,134,519,653,238,42,65,161,211,975,1313,1.48,0.26,2004
397,78,Reggie Miller,1610612754,IND,66,2105,314,719,0.437,96,298,0.322,250,268,0.933,18,138,156,146,50,5,77,109,974,831,1.9,0.65,2004
1531,79,Marc Jackson,1610612755,PHI,81,1976,340,731,0.465,0,2,0.0,289,349,0.828,184,222,406,81,32,18,131,171,969,924,0.62,0.24,2004
1924,80,Lee Nailon,1610612740,NOH,68,2017,415,869,0.478,0,2,0.0,133,165,0.806,128,170,298,109,36,16,110,190,963,826,0.99,0.33,2004
2572,81,Josh Howard,1610612742,DAL,76,2448,377,793,0.475,34,115,0.296,170,232,0.733,169,315,484,109,116,49,122,211,958,1116,0.89,0.95,2004
1800,82,Damon Jones,1610612748,MIA,82,2576,331,726,0.456,225,521,0.432,68,86,0.791,14,217,231,350,44,5,98,121,955,1074,3.57,0.45,2004
1536,83,Stephen Jackson,1610612754,IND,51,1806,330,819,0.403,103,286,0.36,190,229,0.83,44,206,250,119,64,14,123,154,953,749,0.97,0.52,2004
467,84,Jason Kidd,1610612751,NJN,66,2435,340,855,0.398,129,358,0.36,142,192,0.74,94,394,488,545,123,9,167,110,951,1384,3.26,0.74,2004
133,85,David Wesley,1610612745,HOU,80,2776,334,840,0.398,118,315,0.375,162,189,0.857,38,190,228,265,96,9,113,215,948,900,2.35,0.85,2004
2594,86,Kyle Korver,1610612755,PHI,82,2667,317,759,0.418,226,558,0.405,82,96,0.854,40,339,379,182,103,33,106,265,942,1077,1.72,0.97,2004
2056,87,Primoz Brezec,1610612766,CHA,72,2277,387,756,0.512,0,0,0.0,164,220,0.745,226,305,531,86,33,55,106,183,938,1112,0.81,0.31,2004
2045,88,Hedo Turkoglu,1610612753,ORL,67,1761,328,782,0.419,93,245,0.38,188,225,0.836,62,171,233,153,41,18,119,140,937,772,1.29,0.34,2004
703,89,Kurt Thomas,1610612752,NYK,80,2855,424,901,0.471,2,4,0.5,66,84,0.786,170,661,831,160,70,79,99,310,916,1462,1.62,0.71,2004
2430,90,Carlos Boozer,1610612762,UTA,51,1774,361,693,0.521,0,1,0.0,187,268,0.698,141,316,457,144,41,24,137,179,909,1025,1.05,0.3,2004
949,90,Shareef Abdur-Rahim,1610612757,POR,54,1868,337,670,0.503,15,39,0.385,220,254,0.866,123,269,392,111,49,26,117,150,909,1003,0.95,0.42,2004
1903,92,Kenny Thomas,1610612758,SAC,73,2166,367,781,0.47,1,5,0.2,173,227,0.762,184,351,535,152,67,17,131,227,908,1080,1.16,0.51,2004
2424,93,Dan Dickau,1610612740,NOH,71,2089,306,756,0.405,85,245,0.347,190,228,0.833,34,146,180,347,76,4,145,201,887,861,2.39,0.52,2004
136,94,P.J. Brown,1610612740,NOH,82,2817,338,758,0.446,0,0,0.0,210,243,0.864,266,471,737,178,74,50,101,233,886,1371,1.76,0.73,2004
1884,95,Baron Davis,1610612744,GSW,46,1580,291,752,0.387,118,354,0.333,185,243,0.761,32,143,175,362,81,14,131,126,885,867,2.76,0.62,2004
1711,96,Raef LaFrentz,1610612738,BOS,80,2199,341,688,0.496,82,225,0.364,120,148,0.811,154,399,553,98,42,99,70,262,884,1231,1.4,0.6,2004
965,97,Derek Fisher,1610612744,GSW,74,2223,297,755,0.393,108,291,0.371,175,203,0.862,38,180,218,301,76,4,129,176,877,861,2.33,0.59,2004
1802,98,Brad Miller,1610612758,SAC,56,2089,319,609,0.524,5,19,0.263,233,287,0.812,139,382,521,220,69,68,82,181,876,1328,2.68,0.84,2004
56,99,Gary Payton,1610612738,BOS,77,2542,339,725,0.468,42,129,0.326,153,201,0.761,48,188,236,469,88,12,148,121,873,1096,3.17,0.59,2004
2229,100,Mike James,1610612745,HOU,74,1858,331,751,0.441,100,259,0.386,109,145,0.752,35,173,208,263,65,6,106,174,871,851,2.48,0.61,2004
2216,100,Zach Randolph,1610612757,POR,46,1605,332,741,0.448,0,6,0.0,207,254,0.815,142,300,442,86,34,17,112,112,871,882,0.77,0.3,2004
2617,102,Udonis Haslem,1610612748,MIA,80,2675,346,641,0.54,0,4,0.0,178,225,0.791,239,487,726,108,63,41,113,260,870,1353,0.96,0.56,2004
1501,103,Tim Thomas,1610612752,NYK,71,1940,315,718,0.439,85,208,0.409,136,173,0.786,45,192,237,110,41,17,113,222,851,703,0.97,0.36,2004
1498,104,Antonio Daniels,1610612760,SEA,75,2028,273,623,0.438,49,165,0.297,248,304,0.816,20,149,169,309,51,3,78,78,843,891,3.96,0.65,2004
711,105,Jerry Stackhouse,1610612742,DAL,56,1617,274,662,0.414,32,120,0.267,253,298,0.849,38,145,183,127,53,10,106,104,833,667,1.2,0.5,2004
2557,106,Luke Ridnour,1610612760,SEA,82,2572,299,739,0.405,67,178,0.376,159,180,0.883,55,149,204,483,94,23,149,185,824,1018,3.24,0.63,2004
2590,107,Mo Williams,1610612749,MIL,80,2254,323,737,0.438,32,99,0.323,136,160,0.85,50,194,244,484,74,11,196,221,814,993,2.47,0.38,2004
2410,108,Fred Jones,1610612754,IND,77,2269,275,647,0.425,87,229,0.38,176,207,0.85,34,208,242,196,61,31,114,171,813,826,1.72,0.54,2004
693,108,Joe Smith,1610612749,MIL,74,2265,319,621,0.514,0,1,0.0,175,228,0.768,179,362,541,67,43,38,79,222,813,1068,0.85,0.54,2004
2032,110,Darius Miles,1610612757,POR,63,1699,336,697,0.482,8,23,0.348,129,215,0.6,71,228,299,129,75,78,157,189,809,786,0.82,0.48,2004
1739,110,Ruben Patterson,1610612757,POR,70,1958,319,601,0.531,2,25,0.08,169,282,0.599,126,147,273,138,106,21,143,164,809,809,0.96,0.74,2004
2735,112,Josh Childress,1610612737,ATL,80,2377,302,642,0.47,13,56,0.232,190,231,0.823,195,287,482,151,74,35,106,184,807,1062,1.43,0.7,2004
208,113,Sam Cassell,1610612750,MIN,59,1522,319,687,0.464,27,103,0.262,134,155,0.865,25,132,157,301,36,14,109,160,799,809,2.76,0.33,2004
2203,114,Shane Battier,1610612763,MEM,80,2516,271,613,0.442,70,177,0.395,180,228,0.789,158,255,413,126,91,77,75,201,792,1034,1.68,1.21,2004
1731,115,Tyronn Lue,1610612737,ATL,70,2007,295,654,0.451,55,155,0.355,142,165,0.861,14,135,149,322,33,0,105,168,787,804,3.07,0.31,2004
2747,116,JR Smith,1610612740,NOH,76,1858,295,748,0.394,81,281,0.288,111,161,0.689,39,113,152,142,55,11,109,135,782,530,1.3,0.51,2004
2222,117,Gerald Wallace,1610612766,CHA,70,2146,286,637,0.449,17,62,0.274,191,289,0.661,118,268,386,137,117,91,159,182,780,903,0.86,0.74,2004
1952,118,Raja Bell,1610612762,UTA,63,1789,303,667,0.454,54,134,0.403,112,150,0.747,48,153,201,91,44,8,79,205,772,635,1.15,0.56,2004
953,119,Lorenzen Wright,1610612763,MEM,80,2289,320,683,0.469,0,3,0.0,131,198,0.662,177,436,613,87,58,69,100,251,771,1068,0.87,0.58,2004
1548,119,Mark Blount,1610612738,BOS,82,2130,327,618,0.529,0,1,0.0,117,164,0.713,143,254,397,129,33,64,158,229,771,898,0.82,0.21,2004
923,121,Donyell Marshall,1610612761,TOR,65,1648,262,592,0.443,151,363,0.416,72,91,0.791,95,333,428,81,57,46,42,136,747,968,1.93,1.36,2004
2420,121,Nenad Krstic,1610612751,NJN,75,1966,281,570,0.493,0,2,0.0,185,255,0.725,161,240,401,77,32,63,112,280,747,849,0.69,0.29,2004
2738,123,Andre Iguodala,1610612755,PHI,82,2688,269,546,0.493,47,142,0.331,156,210,0.743,89,375,464,246,138,48,139,204,741,1167,1.77,0.99,2004
722,123,Corliss Williamson,1610612758,SAC,72,1526,273,584,0.467,0,2,0.0,195,244,0.799,104,155,259,78,38,15,86,218,741,685,0.91,0.44,2004
2209,123,Vladimir Radmanovic,1610612760,SEA,63,1856,266,650,0.409,128,329,0.389,81,103,0.786,52,237,289,86,57,31,80,172,741,718,1.07,0.71,2004
686,126,Antonio McDyess,1610612765,DET,77,1797,307,598,0.513,0,1,0.0,126,192,0.656,177,305,482,71,46,52,93,204,740,941,0.76,0.49,2004
2036,127,Chris Mihm,1610612747,LAL,75,1869,280,552,0.507,0,2,0.0,175,258,0.678,197,305,502,50,14,108,110,237,735,944,0.46,0.13,2004
2210,128,Richard Jefferson,1610612751,NJN,33,1356,238,564,0.422,30,89,0.337,227,269,0.844,49,191,240,133,33,17,132,109,733,656,1.01,0.25,2004
1737,129,Nazr Mohammed,1610612759,SAS,77,1935,289,602,0.48,0,1,0.0,153,227,0.674,247,339,586,34,58,86,108,236,731,1000,0.32,0.54,2004
1112,130,Ben Wallace,1610612765,DET,74,2671,295,651,0.453,1,9,0.111,130,304,0.428,292,610,902,123,106,176,82,159,721,1416,1.5,1.29,2004
1719,130,Bonzi Wells,1610612763,MEM,69,1487,272,617,0.441,36,104,0.346,141,188,0.75,49,180,229,80,85,27,90,165,721,660,0.89,0.94,2004
1715,132,Jason Williams,1610612763,MEM,71,1953,266,644,0.413,107,330,0.324,80,101,0.792,19,103,122,399,75,5,130,91,719,791,3.07,0.58,2004
1921,133,Gordan Giricek,1610612762,UTA,81,1660,283,632,0.448,38,105,0.362,111,137,0.81,25,157,182,137,46,11,90,155,715,626,1.52,0.51,2004
2746,133,Josh Smith,1610612737,ATL,74,2049,274,602,0.455,4,23,0.174,163,237,0.688,147,310,457,127,59,144,135,157,715,965,0.94,0.44,2004
2586,135,Keith Bogans,1610612766,CHA,74,1791,262,688,0.381,57,173,0.329,133,183,0.727,76,150,226,135,68,8,122,167,714,553,1.11,0.56,2004
2049,136,Speedy Claxton,1610612740,NOH,62,1869,257,611,0.421,11,61,0.18,187,254,0.736,37,147,184,374,109,8,119,184,712,847,3.14,0.92,2004
2736,137,Luol Deng,1610612741,CHI,61,1664,280,645,0.434,31,117,0.265,120,162,0.741,92,230,322,135,48,27,118,98,711,718,1.14,0.41,2004
2078,138,Jason Hart,1610612766,CHA,74,1887,257,573,0.449,35,95,0.368,157,200,0.785,18,185,203,367,99,14,102,167,706,928,3.6,0.97,2004
1496,139,Keith Van Horn,1610612742,DAL,62,1503,257,564,0.456,54,142,0.38,128,157,0.815,89,205,294,75,36,21,81,170,696,705,0.93,0.44,2004
1607,140,Troy Hudson,1610612750,MIN,79,1729,266,664,0.401,89,258,0.345,70,90,0.778,19,86,105,283,27,6,113,121,691,581,2.5,0.24,2004
2749,141,Jameer Nelson,1610612753,ORL,79,1614,286,628,0.455,44,141,0.312,73,107,0.682,52,141,193,237,78,3,117,199,689,707,2.03,0.67,2004
2574,142,Jason Kapono,1610612766,CHA,81,1494,269,671,0.401,80,194,0.412,70,85,0.824,32,132,164,61,40,6,46,132,688,496,1.33,0.87,2004
948,143,Marcus Camby,1610612743,DEN,66,2015,279,600,0.465,0,4,0.0,125,173,0.723,131,530,661,152,61,199,103,177,683,1284,1.48,0.59,2004
2804,144,Andres Nocioni,1610612741,CHI,81,1894,241,601,0.401,25,97,0.258,170,222,0.766,69,317,386,122,37,34,135,208,677,709,0.9,0.27,2004
1477,145,Bruce Bowen,1610612759,SAS,82,2628,251,598,0.42,102,253,0.403,71,112,0.634,50,235,285,126,55,39,57,175,675,735,2.21,0.96,2004
754,146,Jim Jackson,1610612756,PHX,64,1988,248,582,0.426,122,295,0.414,54,58,0.931,33,236,269,183,35,5,115,153,672,711,1.59,0.3,2004
960,147,Tony Delk,1610612737,ATL,56,1341,246,591,0.416,72,202,0.356,103,136,0.757,28,102,130,104,47,3,54,123,667,519,1.93,0.87,2004
1510,148,Brevin Knight,1610612766,CHA,66,1945,248,587,0.422,3,20,0.15,167,196,0.852,21,149,170,591,131,5,147,192,666,1048,4.02,0.89,2004
2552,149,Michael Sweetney,1610612752,NYK,77,1509,237,446,0.531,0,1,0.0,176,235,0.749,169,249,418,44,27,28,108,224,650,791,0.41,0.25,2004
1506,150,Austin Croshere,1610612754,IND,73,1829,188,497,0.378,45,174,0.259,226,256,0.883,103,272,375,98,48,17,104,154,647,742,0.94,0.46,2004
1905,151,Andrei Kirilenko,1610612762,UTA,41,1350,207,420,0.493,23,77,0.299,203,259,0.784,89,166,255,132,67,136,90,101,640,871,1.47,0.74,2004
2199,151,Tyson Chandler,1610612741,CHI,80,2189,207,419,0.494,0,2,0.0,226,336,0.673,261,514,775,65,69,141,118,268,640,1250,0.55,0.58,2004
2217,153,Brendan Haywood,1610612764,WAS,68,1863,239,427,0.56,0,0,0.0,159,261,0.609,202,262,464,57,52,114,96,218,637,938,0.59,0.54,2004
2554,154,Mickael Pietrus,1610612744,GSW,67,1338,214,501,0.427,67,195,0.344,141,202,0.698,65,124,189,82,46,18,92,139,636,531,0.89,0.5,2004
682,155,Bob Sura,1610612745,HOU,61,1924,215,504,0.427,55,155,0.355,141,188,0.75,79,258,337,317,65,7,147,168,626,869,2.16,0.44,2004
2224,156,Jamaal Tinsley,1610612754,IND,40,1301,218,522,0.418,58,156,0.372,122,164,0.744,26,134,160,257,81,12,134,112,616,646,1.92,0.6,2004
2248,157,Earl Watson,1610612763,MEM,80,1806,236,554,0.426,52,163,0.319,91,138,0.659,35,129,164,359,83,19,167,184,615,708,2.15,0.5,2004
2443,158,Darius Songaila,1610612758,SAC,81,1666,257,488,0.527,0,3,0.0,94,111,0.847,125,219,344,114,51,18,70,206,608,817,1.63,0.73,2004
2031,159,Stromile Swift,1610612763,MEM,60,1279,219,488,0.449,0,4,0.0,166,219,0.758,92,181,273,43,41,92,90,182,604,641,0.48,0.46,2004
699,160,Brent Barry,1610612759,SAS,81,1742,194,459,0.423,100,280,0.357,113,135,0.837,29,161,190,178,39,20,64,123,601,677,2.78,0.61,2004
1542,161,Predrag Drobnjak,1610612737,ATL,71,1434,238,543,0.438,25,71,0.352,96,120,0.8,73,165,238,49,42,24,78,138,597,543,0.63,0.54,2004
2429,162,Dan Gadzuric,1610612749,MIL,81,1784,243,451,0.539,0,0,0.0,107,199,0.538,261,413,674,30,47,106,81,224,593,1069,0.37,0.58,2004
2588,163,Matt Bonner,1610612761,TOR,82,1554,247,463,0.533,39,92,0.424,56,71,0.789,108,177,285,48,39,19,40,220,589,709,1.2,0.97,2004
2223,163,Samuel Dalembert,1610612755,PHI,72,1785,250,477,0.524,0,0,0.0,89,148,0.601,187,355,542,35,46,121,114,241,589,933,0.31,0.4,2004
89,165,Nick Van Exel,1610612757,POR,53,1619,214,561,0.381,100,257,0.389,58,74,0.784,20,141,161,227,44,0,92,70,586,563,2.47,0.48,2004
436,166,Juwan Howard,1610612745,HOU,61,1624,244,541,0.451,0,1,0.0,97,115,0.843,126,220,346,94,32,5,79,143,585,668,1.19,0.41,2004
1908,167,Jumaine Jones,1610612747,LAL,76,1830,210,486,0.432,102,261,0.391,55,75,0.733,107,291,398,65,44,24,49,165,577,763,1.33,0.9,2004
2408,168,Melvin Ely,1610612766,CHA,79,1649,227,526,0.432,0,0,0.0,122,212,0.575,142,184,326,76,32,69,115,199,576,575,0.66,0.28,2004
2549,169,Chris Kaman,1610612746,LAC,63,1632,246,495,0.497,0,1,0.0,80,121,0.661,135,288,423,73,26,68,115,182,572,757,0.64,0.23,2004
970,170,Othella Harrington,1610612741,CHI,70,1273,217,424,0.512,0,0,0.0,127,177,0.718,106,186,292,56,24,18,84,188,561,610,0.67,0.29,2004
2553,171,Jarvis Hayes,1610612764,WAS,54,1560,206,530,0.389,42,123,0.341,99,118,0.839,41,186,227,90,49,9,62,107,553,523,1.45,0.79,2004
2418,172,Casey Jacobsen,1610612740,NOH,84,1806,165,408,0.404,66,177,0.373,151,192,0.786,35,132,167,113,33,8,71,104,547,513,1.59,0.47,2004
2605,173,Marquis Daniels,1610612742,DAL,60,1410,220,504,0.437,7,35,0.2,98,133,0.737,87,129,216,128,83,14,86,124,545,581,1.49,0.96,2004
956,174,Erick Dampier,1610612742,DAL,59,1609,202,367,0.55,0,3,0.0,138,228,0.605,183,318,501,51,15,80,102,205,542,832,0.5,0.15,2004
2239,175,Trenton Hassell,1610612750,MIN,82,2070,225,475,0.474,1,11,0.091,90,114,0.789,80,139,219,128,30,30,64,200,541,610,2.0,0.47,2004
990,176,Malik Rose,1610612752,NYK,76,1474,198,441,0.449,1,10,0.1,137,186,0.737,129,212,341,59,46,16,102,208,534,602,0.58,0.45,2004
361,177,Clifford Robinson,1610612751,NJN,71,1689,202,523,0.386,67,193,0.347,62,97,0.639,54,155,209,104,62,53,66,181,533,539,1.58,0.94,2004
1533,178,Anthony Johnson,1610612754,IND,63,1748,203,456,0.445,41,108,0.38,85,113,0.752,32,147,179,302,59,15,96,144,532,710,3.15,0.61,2004
2403,179,Nene,1610612743,DEN,55,1316,194,386,0.503,0,2,0.0,140,212,0.66,104,221,325,84,50,48,94,167,528,677,0.89,0.53,2004
2204,180,Eddie Griffin,1610612750,MIN,70,1492,202,522,0.387,67,204,0.328,56,78,0.718,128,325,453,53,23,118,55,120,527,777,0.96,0.42,2004
2407,181,Jared Jeffries,1610612764,WAS,77,2006,203,434,0.468,16,51,0.314,101,173,0.584,152,222,374,151,66,35,114,206,523,732,1.32,0.58,2004
2073,182,Brian Cardinal,1610612763,MEM,58,1433,160,432,0.37,44,125,0.352,158,181,0.873,63,162,225,114,88,19,83,172,522,590,1.37,1.06,2004
696,183,Travis Best,1610612751,NJN,76,1461,190,452,0.42,26,85,0.306,108,122,0.885,19,88,107,143,66,9,67,148,514,496,2.13,0.98,2004
2365,184,Chris Andersen,1610612740,NOH,67,1430,191,358,0.534,0,3,0.0,131,190,0.689,137,273,410,71,14,100,64,144,513,818,1.11,0.22,2004
2215,185,Jason Collins,1610612751,NJN,80,2542,186,451,0.412,2,6,0.333,137,209,0.656,153,335,488,105,71,71,91,322,511,818,1.15,0.78,2004
2413,186,Juan Dixon,1610612764,WAS,63,1053,186,447,0.416,48,147,0.327,87,97,0.897,32,87,119,111,43,4,68,98,507,445,1.63,0.63,2004
2035,187,DerMarr Johnson,1610612743,DEN,71,1232,185,371,0.499,53,148,0.358,80,101,0.792,43,108,151,75,43,18,65,140,503,518,1.15,0.66,2004
213,188,Antonio Davis,1610612741,CHI,72,1843,193,419,0.461,0,0,0.0,115,152,0.757,152,276,428,80,27,41,96,147,501,718,0.83,0.28,2004
2411,189,Bostjan Nachbar,1610612740,NOH,71,1340,161,411,0.392,75,196,0.383,97,117,0.829,24,158,182,74,29,16,73,183,494,452,1.01,0.4,2004
2484,189,Devin Brown,1610612759,SAS,67,1237,173,409,0.423,45,121,0.372,103,130,0.792,37,139,176,92,39,12,53,83,494,497,1.74,0.74,2004
2060,191,Marko Jaric,1610612746,LAC,50,1656,189,457,0.414,56,151,0.371,59,82,0.72,20,141,161,303,84,17,98,107,493,669,3.09,0.86,2004
2754,192,Tony Allen,1610612738,BOS,77,1260,184,387,0.475,12,31,0.387,112,152,0.737,85,136,221,64,76,24,77,156,492,557,0.83,0.99,2004
2038,193,Joel Przybilla,1610612757,POR,76,1857,199,333,0.598,0,0,0.0,90,174,0.517,178,410,588,74,24,163,98,239,488,1021,0.76,0.24,2004
2768,194,Chris Duhon,1610612741,CHI,82,2178,172,488,0.352,94,265,0.355,49,67,0.731,23,190,213,398,82,3,119,205,487,730,3.35,0.69,2004
2744,195,Al Jefferson,1610612738,BOS,71,1050,195,369,0.528,0,3,0.0,85,135,0.63,119,193,312,24,22,55,66,195,475,598,0.36,0.33,2004
1508,196,Maurice Taylor,1610612752,NYK,65,1336,203,446,0.455,3,9,0.333,63,103,0.612,67,190,257,67,27,20,94,180,472,466,0.71,0.29,2004
2757,197,Beno Udrih,1610612759,SAS,80,1148,173,390,0.444,58,142,0.408,67,89,0.753,16,67,83,150,41,10,77,96,471,439,1.95,0.53,2004
2772,198,Trevor Ariza,1610612752,NYK,80,1385,172,389,0.442,3,13,0.231,121,174,0.695,89,153,242,85,70,18,73,150,468,540,1.16,0.96,2004
1960,199,Milt Palacio,1610612761,TOR,80,1533,175,392,0.446,2,12,0.167,115,155,0.742,26,108,134,279,48,13,104,126,467,580,2.68,0.46,2004
1504,200,Danny Fortson,1610612760,SEA,62,1048,118,226,0.522,0,0,0.0,227,258,0.88,157,191,348,8,15,7,91,265,463,611,0.09,0.17,2004
2555,200,Nick Collison,1610612760,SEA,82,1393,190,354,0.537,0,3,0.0,83,118,0.703,156,220,376,32,34,50,62,252,463,694,0.52,0.55,2004
2306,202,Carlos Arroyo,1610612765,DET,70,706,167,429,0.389,8,30,0.267,119,149,0.799,26,78,104,280,44,4,107,143,461,494,2.62,0.41,2004
2412,202,Jiri Welsch,1610612739,CLE,71,1319,149,371,0.402,34,110,0.309,129,169,0.763,26,141,167,103,44,5,73,121,461,445,1.41,0.6,2004
2742,204,Sebastian Telfair,1610612757,POR,68,1331,169,430,0.393,17,69,0.246,105,133,0.789,10,94,104,224,35,4,125,120,460,413,1.79,0.28,2004
2567,205,Brian Cook,1610612747,LAL,72,1086,176,422,0.417,78,199,0.392,28,37,0.757,63,153,216,35,23,26,29,139,458,474,1.21,0.79,2004
2585,205,Zaza Pachulia,1610612749,MIL,74,1396,160,354,0.452,0,1,0.0,138,185,0.746,131,247,378,60,44,34,70,166,458,663,0.86,0.63,2004
468,207,Jon Barry,1610612745,HOU,69,1505,161,368,0.438,71,165,0.43,62,71,0.873,26,133,159,167,60,9,67,95,455,567,2.49,0.9,2004
109,208,Robert Horry,1610612759,SAS,75,1396,157,375,0.419,51,138,0.37,86,109,0.789,91,177,268,80,67,60,69,138,451,616,1.16,0.97,2004
1934,209,Rodney Buford,1610612751,NJN,64,1311,187,489,0.382,34,108,0.315,37,45,0.822,33,156,189,63,40,4,35,101,445,396,1.8,1.14,2004
915,210,Rodney Rogers,1610612755,PHI,58,1365,172,450,0.382,48,168,0.286,52,70,0.743,61,185,246,86,41,20,86,172,444,455,1.0,0.48,2004
2571,211,Leandro Barbosa,1610612756,PHX,63,1086,168,354,0.475,51,139,0.367,55,69,0.797,32,98,130,126,30,7,87,127,442,448,1.45,0.34,2004
1956,212,Ira Newble,1610612739,CLE,74,1833,182,424,0.429,19,53,0.358,55,69,0.797,78,142,220,91,50,18,61,144,438,500,1.49,0.82,2004
697,213,Fred Hoiberg,1610612750,MIN,76,1271,139,284,0.489,70,145,0.483,89,102,0.873,32,149,181,85,50,15,20,105,437,590,4.25,2.5,2004
1594,213,Rick Brunson,1610612746,LAC,80,1945,166,442,0.376,48,130,0.369,57,74,0.77,23,164,187,410,82,7,125,106,437,705,3.28,0.66,2004
2584,213,Willie Green,1610612755,PHI,57,1067,155,423,0.366,30,105,0.286,97,125,0.776,22,111,133,100,34,6,75,121,437,339,1.33,0.45,2004
2734,216,Devin Harris,1610612742,DAL,76,1171,157,366,0.429,44,131,0.336,78,103,0.757,28,74,102,169,77,19,82,139,436,487,2.06,0.94,2004
1507,217,Derek Anderson,1610612757,POR,47,1238,152,391,0.389,58,151,0.384,70,87,0.805,25,103,128,143,36,4,70,89,432,417,2.04,0.51,2004
1761,217,Greg Buckner,1610612743,DEN,70,1521,160,303,0.528,49,121,0.405,63,81,0.778,66,142,208,133,75,6,49,169,432,644,2.71,1.53,2004
1509,217,Kelvin Cato,1610612753,ORL,62,1526,160,297,0.539,0,0,0.0,112,143,0.783,102,314,416,40,55,82,64,170,432,793,0.63,0.86,2004
2052,220,DeShawn Stevenson,1610612753,ORL,55,1087,174,426,0.408,25,67,0.373,56,101,0.554,38,64,102,69,16,9,57,73,429,271,1.21,0.28,2004
2404,221,Chris Wilcox,1610612746,LAC,54,1006,169,329,0.514,0,0,0.0,88,144,0.611,63,165,228,38,26,24,77,129,426,449,0.49,0.34,2004
1902,221,Jeff Foster,1610612754,IND,61,1592,168,324,0.519,0,5,0.0,90,142,0.634,205,345,550,43,46,12,55,186,426,814,0.78,0.84,2004
677,223,Eric Williams,1610612761,TOR,55,1322,142,330,0.43,28,73,0.384,112,161,0.696,44,128,172,92,38,4,60,147,424,433,1.53,0.63,2004
2446,224,Rasual Butler,1610612748,MIA,65,1205,163,409,0.399,57,153,0.373,37,48,0.771,15,136,151,62,18,29,37,104,420,386,1.68,0.49,2004
2693,225,Keith McLeod,1610612762,UTA,53,1380,143,408,0.35,18,72,0.25,112,146,0.767,20,93,113,236,63,12,99,138,416,442,2.38,0.64,2004
2230,225,Maurice Evans,1610612758,SAC,65,1234,165,373,0.442,27,82,0.329,59,78,0.756,88,113,201,45,37,8,34,104,416,446,1.32,1.09,2004
458,227,Howard Eisley,1610612762,UTA,74,1432,161,405,0.398,27,103,0.262,66,83,0.795,15,75,90,250,45,9,111,156,415,437,2.25,0.41,2004
1725,228,Rasho Nesterovic,1610612759,SAS,70,1785,198,430,0.46,0,0,0.0,14,30,0.467,184,275,459,71,31,117,73,207,410,767,0.97,0.42,2004
1714,229,Robert Traylor,1610612739,CLE,74,1327,177,399,0.444,0,8,0.0,55,102,0.539,136,196,332,61,54,50,73,215,409,564,0.84,0.74,2004
1899,230,James Posey,1610612763,MEM,50,1383,127,356,0.357,55,178,0.309,96,111,0.865,45,174,219,88,48,23,69,134,405,470,1.27,0.7,2004
2044,231,Jason Collier,1610612737,ATL,70,944,174,376,0.463,6,14,0.429,48,71,0.676,84,100,184,18,15,13,63,147,402,344,0.29,0.24,2004
2416,231,Kareem Rush,1610612766,CHA,48,970,157,406,0.387,51,137,0.372,37,48,0.771,20,69,89,68,20,7,47,74,402,279,1.45,0.43,2004
2067,233,Eddie House,1610612758,SAC,68,891,165,366,0.451,44,97,0.454,23,27,0.852,16,67,83,96,44,6,35,65,397,386,2.74,1.26,2004
2624,233,Quinton Ross,1610612746,LAC,78,1654,161,373,0.432,1,4,0.25,74,110,0.673,59,151,210,109,51,22,54,165,397,487,2.02,0.94,2004
1630,235,Mikki Moore,1610612746,LAC,74,1178,144,287,0.502,1,5,0.2,107,136,0.787,97,149,246,47,19,32,63,173,396,505,0.75,0.3,2004
1744,236,Jerome James,1610612760,SEA,80,1330,174,342,0.509,0,2,0.0,47,65,0.723,81,160,241,19,23,111,88,279,395,515,0.22,0.26,2004
1499,237,Tony Battie,1610612753,ORL,81,1898,163,354,0.46,0,6,0.0,68,94,0.723,109,343,452,42,30,81,81,244,394,701,0.52,0.37,2004
2501,238,Reggie Evans,1610612760,SEA,79,1880,131,275,0.476,0,2,0.0,125,234,0.534,254,482,736,58,58,15,104,202,387,897,0.56,0.56,2004
2039,239,Keyon Dooling,1610612748,MIA,74,1184,139,345,0.403,19,75,0.253,85,109,0.78,11,79,90,132,39,11,65,120,382,359,2.03,0.6,2004
1521,240,Jacque Vaughn,1610612751,NJN,71,1410,146,325,0.449,5,15,0.333,76,91,0.835,17,90,107,135,41,1,62,138,373,401,2.18,0.66,2004
2556,241,Marcus Banks,1610612738,BOS,81,1144,115,286,0.402,21,59,0.356,121,163,0.742,29,97,126,155,63,13,79,146,372,437,1.96,0.8,2004
2592,242,James Jones,1610612754,IND,75,1330,126,318,0.396,66,166,0.398,53,62,0.855,39,135,174,57,31,28,43,123,371,417,1.33,0.72,2004
441,242,Lamond Murray,1610612761,TOR,62,917,132,310,0.426,46,105,0.438,61,80,0.763,44,120,164,47,32,16,54,85,371,379,0.87,0.59,2004
1709,244,Michael Olowokandi,1610612750,MIN,62,1216,161,353,0.456,0,0,0.0,46,69,0.667,106,218,324,29,15,56,68,193,368,509,0.43,0.22,2004
966,245,Jerome Williams,1610612752,NYK,79,1211,122,243,0.502,0,5,0.0,115,172,0.669,115,168,283,41,55,10,65,155,359,505,0.63,0.85,2004
2059,246,Eduardo Najera,1610612743,DEN,68,1184,145,322,0.45,6,21,0.286,58,91,0.637,102,141,243,65,41,24,61,148,354,456,1.07,0.67,2004
1502,247,Adonal Foyle,1610612744,GSW,78,1699,156,311,0.502,0,0,0.0,40,72,0.556,165,264,429,56,26,159,58,201,352,777,0.97,0.45,2004
2212,248,Steven Hunter,1610612756,PHX,76,1048,135,220,0.614,0,1,0.0,78,163,0.479,98,129,227,13,4,102,44,131,348,480,0.29,0.09,2004
57,249,Doug Christie,1610612753,ORL,52,1525,130,332,0.392,15,62,0.242,70,78,0.897,38,139,177,199,80,18,104,106,345,505,1.91,0.77,2004
2436,249,Flip Murray,1610612760,SEA,49,880,131,363,0.361,24,95,0.253,59,80,0.738,15,83,98,65,30,11,57,59,345,239,1.14,0.53,2004
2243,251,Brian Scalabrine,1610612751,NJN,54,1167,132,332,0.398,22,68,0.324,53,69,0.768,83,161,244,88,34,18,66,111,339,441,1.33,0.52,2004
1442,251,Zeljko Rebraca,1610612746,LAC,58,928,133,234,0.568,0,0,0.0,73,85,0.859,49,135,184,26,13,40,49,130,339,440,0.53,0.27,2004
2745,253,Kirk Snyder,1610612762,UTA,68,905,122,328,0.372,30,85,0.353,64,96,0.667,50,71,121,36,26,19,58,116,338,244,0.62,0.45,2004
2033,254,Marcus Fizer,1610612749,MIL,54,902,133,292,0.455,0,6,0.0,70,103,0.68,29,146,175,64,25,13,63,96,336,358,1.02,0.4,2004
2357,255,Tierre Brown,1610612747,LAL,76,1066,124,348,0.356,26,72,0.361,59,75,0.787,21,72,93,155,32,1,74,59,333,300,2.1,0.43,2004
2041,256,Etan Thomas,1610612764,WAS,47,976,128,255,0.502,0,0,0.0,76,144,0.528,85,159,244,20,17,51,50,133,332,419,0.4,0.34,2004
15,257,Eric Piatkowski,1610612741,CHI,68,839,111,258,0.43,57,134,0.425,45,56,0.804,15,64,79,51,29,1,37,67,324,289,1.38,0.78,2004
1727,257,Pat Garrity,1610612753,ORL,71,952,123,306,0.402,49,147,0.333,29,33,0.879,21,103,124,30,19,9,30,107,324,289,1.0,0.63,2004
87,259,Dikembe Mutombo,1610612745,HOU,80,1211,108,217,0.498,0,0,0.0,106,143,0.741,150,276,426,10,16,101,51,135,322,678,0.2,0.31,2004
727,259,Eric Snow,1610612739,CLE,81,1842,125,327,0.382,13,45,0.289,59,80,0.738,37,118,155,317,67,16,89,189,322,565,3.56,0.75,2004
1720,261,Michael Doleac,1610612748,MIA,80,1177,148,331,0.447,0,2,0.0,25,41,0.61,74,185,259,47,23,22,36,160,321,437,1.31,0.64,2004
2566,262,Travis Outlaw,1610612757,POR,59,793,133,267,0.498,4,10,0.4,49,75,0.653,40,81,121,35,30,40,39,77,319,346,0.9,0.77,2004
2564,263,Boris Diaw,1610612737,ATL,66,1201,124,294,0.422,9,50,0.18,57,77,0.74,54,116,170,149,37,18,87,123,314,411,1.71,0.42,2004
2562,263,Sasha Pavlovic,1610612739,CLE,65,862,120,276,0.435,30,78,0.385,44,64,0.688,15,56,71,49,29,4,47,121,314,244,1.04,0.62,2004
120,263,Steven Smith,1610612748,MIA,50,748,102,248,0.411,41,105,0.39,69,80,0.863,15,50,65,71,14,7,27,82,314,287,2.63,0.52,2004
446,266,Lucious Harris,1610612739,CLE,73,1127,118,299,0.395,21,65,0.323,56,69,0.812,39,82,121,49,27,6,29,68,313,293,1.69,0.93,2004
935,267,Bryon Russell,1610612743,DEN,70,1025,95,252,0.377,56,149,0.376,61,77,0.792,50,122,172,72,44,11,35,130,307,398,2.06,1.26,2004
689,268,Theo Ratliff,1610612757,POR,63,1731,115,257,0.447,0,0,0.0,74,107,0.692,111,220,331,34,23,158,56,183,304,619,0.61,0.41,2004
1517,269,Bobby Jackson,1610612758,SAC,25,536,109,255,0.427,33,96,0.344,50,58,0.862,23,62,85,59,14,2,28,58,301,279,2.11,0.5,2004
1065,269,Erick Strickland,1610612749,MIL,62,1014,114,304,0.375,21,83,0.253,52,64,0.813,11,92,103,115,30,1,64,103,301,284,1.8,0.47,2004
389,271,Toni Kukoc,1610612749,MIL,53,1099,105,256,0.41,42,116,0.362,44,61,0.721,31,129,160,160,39,13,64,70,296,436,2.5,0.61,2004
2206,272,Rodney White,1610612744,GSW,58,677,121,289,0.419,24,60,0.4,27,44,0.614,24,65,89,44,32,11,37,64,293,247,1.19,0.86,2004
2198,273,Kwame Brown,1610612764,WAS,42,909,109,237,0.46,0,0,0.0,74,129,0.574,72,134,206,39,25,15,67,112,292,327,0.58,0.37,2004
283,274,Lindsey Hunter,1610612765,DET,76,1142,108,302,0.358,23,84,0.274,46,58,0.793,38,85,123,130,68,13,68,125,285,345,1.91,1.0,2004
905,275,Dale Davis,1610612754,IND,61,1308,112,234,0.479,0,0,0.0,60,99,0.606,152,223,375,47,32,65,43,162,284,599,1.09,0.74,2004
297,276,Alonzo Mourning,1610612748,MIA,37,704,100,212,0.472,0,0,0.0,82,141,0.582,53,145,198,18,8,74,57,82,282,352,0.32,0.14,2004
2743,277,Kris Humphries,1610612762,UTA,67,873,116,287,0.404,2,6,0.333,44,101,0.436,73,124,197,43,25,18,52,96,278,281,0.83,0.48,2004
1909,278,Scott Padgett,1610612745,HOU,66,942,98,233,0.421,50,126,0.397,29,40,0.725,47,138,185,55,33,10,30,119,275,382,1.83,1.1,2004
673,279,Alan Henderson,1610612742,DAL,78,1201,116,220,0.527,0,2,0.0,41,76,0.539,164,184,348,21,29,37,49,149,273,520,0.43,0.59,2004
2048,280,Jamaal Magloire,1610612740,NOH,23,703,98,227,0.432,0,0,0.0,74,123,0.602,79,126,205,29,8,23,59,74,270,298,0.49,0.14,2004
358,281,Anfernee Hardaway,1610612752,NYK,37,895,110,260,0.423,15,50,0.3,34,46,0.739,19,70,89,74,28,3,50,79,269,251,1.48,0.56,2004
2109,281,Eddie Gill,1610612754,IND,73,1020,81,242,0.335,36,117,0.308,71,81,0.877,16,96,112,83,59,5,60,105,269,297,1.38,0.98,2004
2760,283,Anderson Varejao,1610612739,CLE,54,865,99,193,0.513,0,2,0.0,68,127,0.535,109,148,257,27,41,38,26,122,266,450,1.04,1.58,2004
353,284,Darrell Armstrong,1610612742,DAL,66,989,89,277,0.321,28,111,0.252,58,68,0.853,35,80,115,178,45,8,67,92,264,345,2.66,0.67,2004
2758,284,David Harrison,1610612754,IND,43,761,106,184,0.576,0,0,0.0,52,91,0.571,48,87,135,13,16,55,53,134,264,313,0.24,0.3,2004
445,284,Wesley Person,1610612743,DEN,41,669,107,226,0.473,41,89,0.461,9,13,0.692,3,80,83,39,19,4,17,30,264,269,2.29,1.12,2004
258,287,Brian Grant,1610612747,LAL,69,1136,103,209,0.493,0,0,0.0,57,79,0.722,101,156,257,34,23,23,43,175,263,429,0.79,0.54,2004
363,288,Christian Laettner,1610612748,MIA,49,739,107,184,0.582,1,7,0.143,45,59,0.763,36,95,131,41,32,15,29,78,260,359,1.41,1.1,2004
962,288,Walter McCarty,1610612756,PHX,72,906,95,235,0.404,55,155,0.355,15,29,0.517,29,109,138,37,25,15,36,144,260,285,1.03,0.69,2004
1000,290,Shandon Anderson,1610612748,MIA,66,1170,98,217,0.452,5,29,0.172,54,66,0.818,41,150,191,70,40,14,50,138,255,389,1.4,0.8,2004
384,291,Calbert Cheaney,1610612744,GSW,55,951,113,265,0.426,0,3,0.0,24,37,0.649,32,92,124,64,17,15,35,95,250,270,1.83,0.49,2004
1922,292,Francisco Elson,1610612743,DEN,67,939,101,216,0.468,1,3,0.333,45,79,0.57,61,140,201,34,34,41,40,129,248,369,0.85,0.85,2004
339,293,Tom Gugliotta,1610612737,ATL,47,964,99,241,0.411,8,26,0.308,33,43,0.767,56,135,191,68,41,17,57,104,239,347,1.19,0.72,2004
2560,294,Zarko Cabarkapa,1610612744,GSW,40,474,86,177,0.486,13,36,0.361,53,65,0.815,35,67,102,25,10,5,30,59,238,247,0.83,0.33,2004
275,295,Allan Houston,1610612752,NYK,20,532,85,205,0.415,31,80,0.388,36,43,0.837,4,19,23,42,8,2,21,40,237,164,2.0,0.38,2004
2422,296,John Salmons,1610612755,PHI,58,992,85,210,0.405,31,91,0.341,35,48,0.729,12,109,121,114,40,13,51,92,236,335,2.23,0.78,2004
1730,297,Brian Skinner,1610612758,SAC,49,941,104,205,0.507,0,1,0.0,25,70,0.357,107,173,280,43,31,49,40,102,233,450,1.07,0.78,2004
2563,297,Dahntay Jones,1610612763,MEM,52,650,83,190,0.437,23,60,0.383,44,64,0.688,11,58,69,21,13,11,29,81,233,191,0.72,0.45,2004
1918,299,Obinna Ekezie,1610612737,ATL,42,732,79,182,0.434,0,1,0.0,72,93,0.774,69,110,179,11,22,12,45,129,230,285,0.24,0.49,2004
2679,300,Matt Carroll,1610612766,CHA,25,430,70,180,0.389,13,39,0.333,71,83,0.855,13,47,60,17,17,2,25,37,224,173,0.68,0.68,2004
2733,301,Shaun Livingston,1610612746,LAC,30,814,89,215,0.414,0,2,0.0,44,59,0.746,22,67,89,151,32,11,75,82,222,289,2.01,0.43,2004
2767,302,Royal Ivey,1610612737,ATL,62,809,85,198,0.429,3,9,0.333,47,67,0.701,19,65,84,103,39,7,58,140,220,262,1.78,0.67,2004
2565,303,Zoran Planinic,1610612751,NJN,43,515,78,174,0.448,15,40,0.375,46,66,0.697,19,50,69,44,25,0,41,76,217,198,1.07,0.61,2004
2260,304,Jarron Collins,1610612762,UTA,50,961,65,157,0.414,0,1,0.0,83,119,0.697,57,107,164,61,11,6,34,146,213,293,1.79,0.32,2004
2761,305,Jackson Vroman,1610612740,NOH,46,705,82,199,0.412,0,3,0.0,48,75,0.64,64,111,175,40,25,19,64,105,212,263,0.63,0.39,2004
762,306,Shawn Bradley,1610612742,DAL,77,886,84,186,0.452,0,0,0.0,43,63,0.683,70,144,214,15,25,63,33,153,211,373,0.46,0.76,2004
2457,307,Jannero Pargo,1610612741,CHI,32,453,82,213,0.385,23,66,0.348,17,23,0.739,12,35,47,76,16,1,45,53,204,162,1.69,0.36,2004
72,308,Kenny Anderson,1610612746,LAC,43,744,85,201,0.423,6,13,0.462,27,37,0.73,24,64,88,103,33,0,49,87,203,252,2.1,0.67,2004
2414,309,Curtis Borchardt,1610612762,UTA,67,858,74,172,0.43,0,0,0.0,52,71,0.732,86,138,224,49,10,32,52,160,200,346,0.94,0.19,2004
2575,310,Luke Walton,1610612747,LAL,61,768,74,180,0.411,16,61,0.262,34,48,0.708,55,87,142,93,26,11,58,70,198,292,1.6,0.45,2004
2737,311,Rafael Araujo,1610612761,TOR,59,737,76,175,0.434,1,3,0.333,43,55,0.782,59,126,185,16,21,8,52,157,196,263,0.31,0.4,2004
763,311,Tony Massenburg,1610612759,SAS,61,699,74,182,0.407,0,0,0.0,48,63,0.762,54,109,163,14,18,20,40,122,196,248,0.35,0.45,2004
2124,313,Malik Allen,1610612766,CHA,36,519,84,177,0.475,0,0,0.0,26,28,0.929,40,59,99,18,9,22,18,53,194,229,1.0,0.5,2004
278,314,Stacey Augmon,1610612753,ORL,55,663,68,167,0.407,0,0,0.0,57,77,0.74,45,54,99,36,23,8,31,83,193,209,1.16,0.74,2004
1513,315,Scot Pollard,1610612754,IND,49,865,79,167,0.473,0,0,0.0,33,49,0.673,85,120,205,18,30,24,31,123,191,333,0.58,0.97,2004
2581,315,Steve Blake,1610612764,WAS,44,649,61,186,0.328,36,93,0.387,33,41,0.805,18,53,71,69,13,0,39,47,191,172,1.77,0.33,2004
2561,317,David West,1610612740,NOH,30,552,75,172,0.436,2,5,0.4,34,50,0.68,40,89,129,23,12,16,37,62,186,216,0.62,0.32,2004
2863,318,Damien Wilkins,1610612760,SEA,29,520,73,168,0.435,16,59,0.271,21,34,0.618,29,37,66,26,22,10,16,55,183,183,1.63,1.38,2004
1853,319,Anthony Carter,1610612750,MIN,66,740,72,177,0.407,2,17,0.118,35,51,0.686,12,57,69,161,35,18,62,88,181,281,2.6,0.56,2004
2254,320,Loren Woods,1610612761,TOR,45,711,71,164,0.433,0,1,0.0,34,59,0.576,81,139,220,17,8,39,37,78,176,305,0.46,0.22,2004
2753,321,Delonte West,1610612738,BOS,39,505,66,155,0.426,24,67,0.358,19,27,0.704,14,51,65,53,21,8,24,69,175,201,2.21,0.88,2004
924,322,Anthony Goldwire,1610612749,MIL,33,537,57,136,0.419,32,80,0.4,26,31,0.839,10,49,59,78,15,0,15,32,172,225,5.2,1.0,2004
1897,322,Metta World Peace,1610612754,IND,7,291,59,119,0.496,7,17,0.412,47,51,0.922,8,37,45,22,12,6,17,27,172,176,1.29,0.71,2004
2074,324,Jabari Smith,1610612751,NJN,45,649,62,148,0.419,1,2,0.5,41,55,0.745,29,82,111,38,25,14,39,103,166,215,0.97,0.64,2004
2098,325,Slava Medvedenko,1610612747,LAL,43,423,71,156,0.455,0,1,0.0,23,28,0.821,31,48,79,13,9,2,13,64,165,165,1.0,0.69,2004
248,326,George Lynch,1610612740,NOH,44,934,68,189,0.36,11,37,0.297,17,23,0.739,55,119,174,88,32,12,57,83,164,286,1.54,0.56,2004
2440,326,Matt Barnes,1610612758,SAC,43,714,62,151,0.411,5,22,0.227,35,58,0.603,49,84,133,57,30,7,45,80,164,234,1.27,0.67,2004
2499,326,Richie Frahm,1610612757,POR,43,499,56,140,0.4,31,80,0.388,21,25,0.84,17,44,61,30,15,4,14,35,164,172,2.14,1.07,2004
2454,329,Junior Harrington,1610612740,NOH,29,551,64,178,0.36,6,19,0.316,29,35,0.829,13,50,63,62,25,5,41,72,163,157,1.51,0.61,2004
2221,330,Raul Lopez,1610612762,UTA,31,518,57,135,0.422,20,45,0.444,27,33,0.818,7,32,39,123,22,3,47,78,161,217,2.62,0.47,2004
324,331,Anthony Peeler,1610612764,WAS,40,529,56,150,0.373,25,65,0.385,16,18,0.889,14,51,65,57,18,2,28,39,153,171,2.04,0.64,2004
243,332,Aaron McKie,1610612755,PHI,68,1118,61,142,0.43,20,62,0.323,10,16,0.625,20,152,172,103,48,17,31,116,152,374,3.32,1.55,2004
2648,332,Ronald Dupree,1610612765,DET,47,472,61,127,0.48,1,2,0.5,29,47,0.617,34,61,95,24,7,10,22,60,152,182,1.09,0.32,2004
1559,334,Adrian Griffin,1610612741,CHI,69,668,58,161,0.36,2,9,0.222,33,44,0.75,52,94,146,53,43,4,30,78,151,253,1.77,1.43,2004
2570,335,Kendrick Perkins,1610612738,BOS,60,548,56,119,0.471,0,0,0.0,37,58,0.638,53,123,176,21,9,37,43,98,149,265,0.49,0.21,2004
1500,336,Ron Mercer,1610612751,NJN,18,390,65,158,0.411,0,3,0.0,7,10,0.7,9,31,40,20,16,2,14,20,137,105,1.43,1.14,2004
1919,337,Laron Profit,1610612764,WAS,42,427,56,128,0.438,8,28,0.286,16,25,0.64,24,52,76,37,16,5,27,44,136,162,1.37,0.59,2004
2751,338,Viktor Khryapa,1610612757,POR,32,522,54,124,0.435,4,11,0.364,23,42,0.548,28,80,108,25,20,18,33,80,135,184,0.76,0.61,2004
2755,339,Kevin Martin,1610612758,SAC,45,455,45,117,0.385,5,25,0.2,36,55,0.655,29,29,58,22,16,3,24,35,131,115,0.92,0.67,2004
2764,340,Donta Smith,1610612737,ATL,38,433,44,113,0.389,6,22,0.273,33,48,0.688,19,33,52,39,23,5,25,50,127,137,1.56,0.92,2004
1916,341,Calvin Booth,1610612749,MIL,51,451,49,108,0.454,0,1,0.0,26,32,0.813,29,78,107,8,15,28,16,78,124,201,0.5,0.94,2004
221,342,Clar. Weatherspoon,1610612745,HOU,40,524,47,114,0.412,0,0,0.0,29,35,0.829,35,87,122,17,9,6,15,74,123,189,1.13,0.6,2004
922,343,Elden Campbell,1610612765,DET,41,432,39,123,0.317,0,2,0.0,42,55,0.764,28,65,93,19,8,7,29,57,120,121,0.66,0.28,2004
2857,344,Andre Barrett,1610612753,ORL,38,482,45,124,0.363,14,52,0.269,14,19,0.737,11,29,40,69,19,1,27,51,118,136,2.56,0.7,2004
2435,344,Mario Kasun,1610612753,ORL,45,356,47,98,0.48,0,1,0.0,24,43,0.558,52,76,128,8,8,13,26,86,118,179,0.31,0.31,2004
2668,346,Josh Davis,1610612755,PHI,42,327,42,111,0.378,19,53,0.358,14,17,0.824,29,50,79,12,8,4,15,45,117,133,0.8,0.53,2004
958,346,Vitaly Potapenko,1610612760,SEA,33,336,45,87,0.517,0,1,0.0,27,31,0.871,30,48,78,9,7,3,12,53,117,156,0.75,0.58,2004
2568,348,Carlos Delfino,1610612765,DET,30,460,42,117,0.359,9,35,0.257,23,40,0.575,13,42,55,38,22,6,23,44,116,122,1.65,0.96,2004
2573,349,Maciej Lampe,1610612740,NOH,37,380,49,132,0.371,2,4,0.5,15,22,0.682,24,65,89,11,5,7,17,51,115,120,0.65,0.29,2004
1519,350,John Thomas,1610612750,MIN,44,520,42,86,0.488,0,0,0.0,27,46,0.587,39,58,97,17,15,13,18,82,111,172,0.94,0.83,2004
2763,350,Lionel Chalmers,1610612746,LAC,36,433,42,125,0.336,12,49,0.245,15,24,0.625,4,27,31,51,13,0,24,30,111,90,2.13,0.54,2004
1913,350,Michael Ruffin,1610612764,WAS,79,1262,41,99,0.414,0,1,0.0,29,67,0.433,157,175,332,64,43,41,44,193,111,451,1.46,0.98,2004
1763,350,Ryan Bowen,1610612745,HOU,66,605,47,111,0.423,3,6,0.5,14,21,0.667,21,55,76,18,23,5,7,61,111,155,2.57,3.29,2004
1904,354,Devean George,1610612747,LAL,15,306,37,104,0.356,21,58,0.362,15,20,0.75,13,40,53,14,8,2,12,32,110,103,1.17,0.67,2004
2740,355,Andris Biedrins,1610612744,GSW,30,385,45,78,0.577,0,1,0.0,19,40,0.475,47,71,118,12,12,24,12,87,109,209,1.0,1.0,2004
2604,356,Theron Smith,1610612766,CHA,33,509,44,136,0.324,3,12,0.25,14,16,0.875,39,77,116,28,6,4,27,58,105,138,1.04,0.22,2004
2415,357,Ryan Humphrey,1610612763,MEM,35,317,42,103,0.408,0,2,0.0,18,37,0.486,50,37,87,6,10,1,23,35,102,103,0.26,0.43,2004
2756,358,Sasha Vujacic,1610612747,LAL,35,403,33,117,0.282,17,63,0.27,18,19,0.947,13,49,62,51,12,2,15,41,101,128,3.4,0.8,2004
1052,359,Ben Handlogten,1610612762,UTA,21,297,43,83,0.518,0,1,0.0,9,17,0.529,23,42,65,13,7,5,18,55,95,119,0.72,0.39,2004
2599,359,Brandon Hunter,1610612753,ORL,31,222,37,73,0.507,0,0,0.0,21,39,0.538,25,44,69,3,4,7,22,42,95,102,0.14,0.18,2004
2774,361,Bernard Robinson,1610612766,CHA,31,329,36,81,0.444,3,8,0.375,18,26,0.692,14,34,48,30,11,4,20,42,93,113,1.5,0.55,2004
2782,361,Matt Freije,1610612740,NOH,23,441,37,127,0.291,14,54,0.259,5,8,0.625,16,45,61,20,13,2,17,40,93,79,1.18,0.77,2004
2873,363,Billy Thomas,1610612751,NJN,25,356,34,94,0.362,17,56,0.304,7,9,0.778,7,29,36,17,14,1,9,29,92,89,1.89,1.56,2004
299,364,Glenn Robinson,1610612759,SAS,9,157,34,77,0.442,2,6,0.333,20,23,0.87,4,20,24,8,4,3,7,19,90,76,1.14,0.57,2004
983,364,Moochie Norris,1610612745,HOU,38,360,35,109,0.321,0,12,0.0,20,24,0.833,10,36,46,39,18,2,27,44,90,90,1.44,0.67,2004
2058,366,Mark Madsen,1610612750,MIN,41,601,34,66,0.515,0,0,0.0,20,40,0.5,63,65,128,18,7,14,24,103,88,179,0.75,0.29,2004
731,367,Greg Ostertag,1610612758,SAC,56,556,37,84,0.44,0,2,0.0,13,38,0.342,55,112,167,37,7,40,24,88,87,242,1.54,0.29,2004
788,367,Kevin Willis,1610612737,ATL,29,344,35,90,0.389,0,2,0.0,17,23,0.739,29,47,76,9,8,7,15,53,87,111,0.6,0.53,2004
383,369,Kendall Gill,1610612749,MIL,14,284,32,80,0.4,3,9,0.333,18,20,0.9,11,26,37,27,14,4,9,37,85,108,3.0,1.56,2004
2366,370,Mike Wilks,1610612759,SAS,48,278,32,77,0.416,5,16,0.313,12,16,0.75,4,21,25,33,14,1,14,26,81,91,2.36,1.0,2004
2063,371,Jake Voskuhl,1610612756,PHX,38,360,27,59,0.458,0,0,0.0,26,38,0.684,30,62,92,17,4,11,20,60,80,140,0.85,0.2,2004
2441,372,Jamal Sampson,1610612766,CHA,23,329,28,62,0.452,0,0,0.0,23,39,0.59,36,86,122,8,4,17,17,53,79,163,0.47,0.23,2004
2054,373,Jake Tsakalidis,1610612763,MEM,31,279,32,64,0.5,0,0,0.0,14,18,0.778,21,35,56,10,3,16,12,42,78,115,0.83,0.25,2004
1752,374,Sean Marks,1610612759,SAS,23,244,27,80,0.338,0,3,0.0,22,28,0.786,18,38,56,8,3,11,14,29,76,81,0.57,0.21,2004
369,375,Charlie Ward,1610612745,HOU,14,360,24,77,0.312,16,51,0.314,11,13,0.846,6,33,39,43,15,0,18,22,75,99,2.39,0.83,2004
1425,376,Aaron Williams,1610612761,TOR,42,314,29,63,0.46,0,0,0.0,15,17,0.882,17,43,60,8,5,8,17,70,73,101,0.47,0.29,2004
2766,376,Antonio Burks,1610612763,MEM,24,220,28,60,0.467,3,11,0.273,14,19,0.737,1,11,12,28,13,1,12,25,73,78,2.33,1.08,2004
911,376,Ervin Johnson,1610612750,MIN,46,410,28,54,0.519,1,1,1.0,16,25,0.64,43,70,113,6,7,13,18,86,73,159,0.33,0.39,2004
954,379,Kerry Kittles,1610612746,LAC,11,243,28,73,0.384,7,21,0.333,6,10,0.6,1,31,32,20,8,3,7,12,69,76,2.86,1.14,2004
2545,380,Darko Milicic,1610612765,DET,37,254,25,76,0.329,0,0,0.0,17,24,0.708,3,40,43,7,2,17,16,31,67,62,0.44,0.13,2004
988,381,Randy Livingston,1610612762,UTA,17,227,22,52,0.423,5,8,0.625,15,17,0.882,3,9,12,45,12,2,14,28,64,89,3.21,0.86,2004
2776,382,Pape Sow,1610612761,TOR,27,255,23,58,0.397,0,0,0.0,16,27,0.593,18,39,57,2,12,4,10,46,62,81,0.2,1.2,2004
2245,383,Damone Brown,1610612764,WAS,14,153,23,62,0.371,4,11,0.364,4,9,0.444,10,18,28,14,1,6,15,17,54,44,0.93,0.07,2004
1985,384,Zendon Hamilton,1610612749,MIL,16,159,11,32,0.344,0,0,0.0,29,48,0.604,18,24,42,6,5,2,12,26,51,54,0.5,0.42,2004
2401,385,Nikoloz Tskitishvili,1610612744,GSW,35,219,22,74,0.297,2,17,0.118,4,7,0.571,12,29,41,10,8,11,19,33,50,46,0.53,0.42,2004
1738,386,Ansu Sesay,1610612744,GSW,16,128,17,42,0.405,2,8,0.25,13,24,0.542,18,20,38,12,2,3,8,16,49,60,1.5,0.25,2004
724,386,Cory Alexander,1610612766,CHA,16,201,16,49,0.327,8,19,0.421,9,12,0.75,8,21,29,37,9,1,19,29,49,70,1.95,0.47,2004
2470,388,Smush Parker,1610612756,PHX,16,144,18,43,0.419,3,13,0.231,9,13,0.692,4,8,12,15,5,0,19,16,48,32,0.79,0.26,2004
1032,389,Darvin Ham,1610612765,DET,47,275,17,37,0.459,0,0,0.0,12,31,0.387,19,16,35,5,6,7,8,39,46,52,0.63,0.75,2004
2682,390,Alex Garcia,1610612740,NOH,8,146,18,52,0.346,5,18,0.278,3,4,0.75,7,8,15,18,4,1,8,15,44,39,2.25,0.5,2004
2402,390,Dajuan Wagner,1610612739,CLE,11,102,18,55,0.327,5,26,0.192,3,4,0.75,0,2,2,13,5,0,9,15,44,17,1.44,0.56,2004
1917,392,Wang Zhi-zhi,1610612748,MIA,20,91,17,36,0.472,2,3,0.667,7,12,0.583,6,12,18,5,3,2,5,9,43,42,1.0,0.6,2004
239,393,Darrick Martin,1610612746,LAC,11,190,16,50,0.32,5,18,0.278,5,8,0.625,3,7,10,28,6,0,6,19,42,43,4.67,1.0,2004
2798,393,Horace Jenkins,1610612765,DET,15,104,15,45,0.333,0,9,0.0,12,13,0.923,3,6,9,9,5,1,7,6,42,28,1.29,0.71,2004
1751,393,Jahidi White,1610612766,CHA,17,135,14,31,0.452,0,0,0.0,14,40,0.35,11,23,34,1,2,12,11,31,42,37,0.09,0.18,2004
1983,393,Jermaine Jackson,1610612752,NYK,21,230,17,33,0.515,0,2,0.0,8,13,0.615,3,20,23,24,7,1,10,26,42,66,2.4,0.7,2004
2770,397,Justin Reed,1610612738,BOS,23,121,15,29,0.517,0,3,0.0,11,15,0.733,8,8,16,10,3,1,5,12,41,48,2.0,0.6,2004
2558,397,Reece Gaines,1610612749,MIL,21,187,17,50,0.34,4,14,0.286,3,4,0.75,1,13,14,7,5,1,7,17,41,27,1.0,0.71,2004
2205,399,DeSagana Diop,1610612739,CLE,39,305,20,69,0.29,0,2,0.0,0,5,0.0,30,40,70,15,8,27,12,53,40,94,1.25,0.67,2004
1886,400,Jonathan Bender,1610612754,IND,7,93,16,40,0.4,1,5,0.2,3,6,0.5,5,9,14,4,1,2,10,9,36,20,0.4,0.1,2004
2784,401,Luis Flores,1610612743,DEN,16,77,14,29,0.483,5,10,0.5,2,2,1.0,1,2,3,11,2,0,11,9,35,25,1.0,0.18,2004
452,401,Vin Baker,1610612745,HOU,27,191,13,42,0.31,0,1,0.0,9,17,0.529,17,22,39,10,2,4,17,38,35,36,0.59,0.12,2004
124,403,Vlade Divac,1610612747,LAL,15,130,13,31,0.419,0,0,0.0,8,12,0.667,18,14,32,19,4,1,14,25,34,54,1.36,0.29,2004
2214,404,Michael Bradley,1610612755,PHI,18,119,15,24,0.625,0,1,0.0,3,8,0.375,8,20,28,5,1,2,5,12,33,50,1.0,0.2,2004
281,404,Scott Williams,1610612739,CLE,19,152,12,41,0.293,0,1,0.0,9,11,0.818,15,15,30,8,4,6,5,30,33,45,1.6,0.8,2004
2409,406,Marcus Haislip,1610612754,IND,9,105,13,38,0.342,0,1,0.0,6,11,0.545,5,10,15,3,2,2,6,15,32,18,0.5,0.33,2004
2249,407,Jamison Brewer,1610612752,NYK,18,184,11,37,0.297,3,15,0.2,6,13,0.462,6,16,22,12,8,1,13,11,31,28,0.92,0.61,2004
688,408,Michael Curry,1610612754,IND,18,248,13,29,0.448,0,0,0.0,4,8,0.5,8,19,27,15,5,4,5,39,30,56,3.0,1.0,2004
448,409,Bo Outlaw,1610612756,PHX,39,214,12,34,0.353,0,0,0.0,5,9,0.556,16,37,53,13,6,12,8,29,29,79,1.63,0.75,2004
2823,409,John Edwards,1610612754,IND,25,139,11,30,0.367,0,0,0.0,7,14,0.5,8,11,19,3,3,4,8,12,29,24,0.38,0.38,2004
2739,409,Luke Jackson,1610612739,CLE,10,43,10,27,0.37,4,6,0.667,5,6,0.833,2,4,6,3,0,0,2,4,29,18,1.5,0.0,2004
702,409,Voshon Lenard,1610612743,DEN,3,54,10,26,0.385,4,12,0.333,5,8,0.625,0,6,6,6,1,0,2,2,29,21,3.0,0.5,2004
2040,413,Jerome Moiso,1610612739,CLE,20,121,9,18,0.5,0,1,0.0,10,13,0.769,10,27,37,1,3,6,7,13,28,56,0.14,0.43,2004
1563,413,Kevin Ollie,1610612755,PHI,26,159,11,31,0.355,0,0,0.0,6,9,0.667,3,16,19,19,5,0,6,16,28,42,3.17,0.83,2004
393,413,Rod Strickland,1610612745,HOU,16,195,9,43,0.209,1,2,0.5,9,10,0.9,3,24,27,39,3,2,16,15,28,48,2.44,0.19,2004
2447,413,Tamar Slay,1610612766,CHA,8,77,13,39,0.333,2,12,0.167,0,2,0.0,6,8,14,3,5,0,8,20,28,14,0.38,0.63,2004
2451,417,Corsley Edwards,1610612740,NOH,10,110,10,31,0.323,0,0,0.0,7,12,0.583,12,13,25,3,3,4,2,19,27,34,1.5,1.5,2004
2569,417,Ndudi Ebi,1610612750,MIN,2,54,11,21,0.524,0,1,0.0,5,9,0.556,6,10,16,1,1,1,3,7,27,29,0.33,0.33,2004
2775,419,Ha Ha,1610612757,POR,19,104,10,23,0.435,0,0,0.0,6,11,0.545,6,12,18,2,1,5,12,21,26,22,0.17,0.08,2004
2839,419,James Thomas,1610612737,ATL,11,117,12,20,0.6,0,0,0.0,2,6,0.333,17,20,37,4,4,4,7,13,26,56,0.57,0.57,2004
1743,421,Bruno Sundov,1610612752,NYK,21,73,11,37,0.297,1,3,0.333,2,2,1.0,6,7,13,2,2,2,6,16,25,12,0.33,0.33,2004
1901,421,Dion Glover,1610612759,SAS,7,68,8,22,0.364,1,8,0.125,8,10,0.8,3,8,11,4,3,3,2,9,25,28,2.0,1.5,2004
1565,421,Michael Stewart,1610612737,ATL,12,145,11,21,0.524,0,0,0.0,3,7,0.429,21,19,40,5,6,5,6,32,25,61,0.83,1.0,2004
955,424,Samaki Walker,1610612764,WAS,14,134,11,31,0.355,0,0,0.0,2,3,0.667,8,10,18,4,3,7,8,25,24,27,0.5,0.38,2004
2891,425,Mark Jones,1610612753,ORL,10,115,9,31,0.29,0,4,0.0,5,10,0.5,6,7,13,6,5,2,3,16,23,19,2.0,1.67,2004
2241,425,Omar Cook,1610612761,TOR,5,75,10,24,0.417,0,4,0.0,3,6,0.5,2,5,7,22,6,1,6,6,23,36,3.67,1.0,2004
2091,427,Daniel Santiago,1610612749,MIL,11,104,7,21,0.333,0,0,0.0,8,11,0.727,6,13,19,1,3,4,4,28,22,28,0.25,0.75,2004
2876,428,Jared Reiner,1610612741,CHI,19,132,10,30,0.333,0,0,0.0,1,4,0.25,13,25,38,1,3,7,9,35,21,38,0.11,0.33,2004
2055,429,Mamadou N'diaye,1610612746,LAC,11,72,8,20,0.4,0,1,0.0,4,7,0.571,9,9,18,1,1,5,0,20,20,30,0.0,0.0,2004
1893,430,Aleksandar Radojevic,1610612762,UTA,12,128,6,19,0.316,0,0,0.0,7,10,0.7,9,19,28,6,0,2,15,32,19,24,0.4,0.0,2004
1762,430,Tremaine Fowlkes,1610612754,IND,8,56,9,17,0.529,1,3,0.333,0,2,0.0,3,5,8,0,2,0,5,7,19,14,0.0,0.4,2004
2788,432,DJ Mbenga,1610612742,DAL,15,58,6,14,0.429,0,0,0.0,3,4,0.75,3,5,8,0,0,5,5,13,15,14,0.0,0.0,2004
1741,432,Jelani McCoy,1610612737,ATL,10,86,7,13,0.538,0,0,0.0,1,5,0.2,7,14,21,0,3,8,6,24,15,31,0.0,0.5,2004
2741,432,Robert Swift,1610612760,SEA,16,71,5,11,0.455,0,0,0.0,5,9,0.556,1,4,5,2,1,7,4,16,15,16,0.5,0.25,2004
2845,435,Erik Daniels,1610612758,SAC,21,72,6,18,0.333,1,2,0.5,0,0,0.0,7,11,18,4,2,0,6,7,13,19,0.67,0.33,2004
2079,435,Kaniel Dickens,1610612751,NJN,11,60,4,14,0.286,3,9,0.333,2,2,1.0,3,6,9,1,2,1,2,5,13,14,0.5,1.0,2004
2043,435,Mateen Cleaves,1610612760,SEA,14,66,5,14,0.357,0,2,0.0,3,4,0.75,2,4,6,7,2,0,2,2,13,16,3.5,1.0,2004
2639,438,Britton Johnsen,1610612754,IND,6,87,6,22,0.273,0,4,0.0,0,0,0.0,5,5,10,4,1,0,3,10,12,8,1.33,0.33,2004
2208,438,Kedrick Brown,1610612755,PHI,8,55,2,6,0.333,0,3,0.0,8,10,0.8,1,10,11,4,3,1,5,4,12,20,0.8,0.6,2004
2321,438,Paul Shirley,1610612756,PHX,9,30,5,11,0.455,0,0,0.0,2,4,0.5,1,1,2,3,0,0,1,3,12,8,3.0,0.0,2004
2762,441,Peter John Ramos,1610612764,WAS,6,20,5,10,0.5,0,0,0.0,1,2,0.5,1,3,4,0,0,1,3,4,11,7,0.0,0.0,2004
2866,442,Jackie Butler,1610612752,NYK,3,5,4,4,1.0,0,0,0.0,2,2,1.0,0,0,0,0,1,0,1,0,10,10,0.0,1.0,2004
2417,442,Qyntel Woods,1610612748,MIA,3,40,5,12,0.417,0,0,0.0,0,0,0.0,2,4,6,0,4,0,2,6,10,11,0.0,2.0,2004
692,444,Andrew DeClercq,1610612753,ORL,8,49,4,9,0.444,0,0,0.0,1,3,0.333,7,3,10,0,2,0,1,14,9,13,0.0,2.0,2004
934,444,Derrick Coleman,1610612765,DET,5,50,3,14,0.214,0,2,0.0,3,3,1.0,3,12,15,0,0,0,2,6,9,11,0.0,0.0,2004
1444,444,Lawrence Funderburke,1610612741,CHI,2,21,3,6,0.5,0,0,0.0,3,5,0.6,1,2,3,0,0,0,0,2,9,7,0.0,0.0,2004
2852,447,Awvee Storey,1610612751,NJN,9,31,3,10,0.3,1,2,0.5,1,2,0.5,4,1,5,1,0,0,0,3,8,6,0.0,0.0,2004
2051,447,Donnell Harvey,1610612751,NJN,3,16,2,2,1.0,0,0,0.0,4,4,1.0,2,5,7,1,1,1,1,2,8,17,1.0,1.0,2004
2367,447,Geno Carlisle,1610612757,POR,6,16,2,3,0.667,0,0,0.0,4,6,0.667,1,0,1,1,0,0,1,1,8,6,1.0,0.0,2004
2765,450,Andre Emmett,1610612763,MEM,8,27,2,6,0.333,0,0,0.0,3,5,0.6,0,2,2,0,0,0,1,4,7,2,0.0,0.0,2004
2748,450,Dorell Wright,1610612748,MIA,3,27,3,11,0.273,0,4,0.0,1,1,1.0,0,1,1,3,4,0,3,2,7,4,1.0,1.33,2004
2657,450,Yuta Tabuse,1610612756,PHX,4,17,1,6,0.167,1,1,1.0,4,4,1.0,2,2,4,3,0,0,1,1,7,8,3.0,0.0,2004
2421,453,Frank Williams,1610612741,CHI,9,71,3,20,0.15,0,4,0.0,0,0,0.0,2,4,6,11,2,3,3,9,6,8,3.67,0.67,2004
2437,453,Lonny Baxter,1610612740,NOH,4,36,3,11,0.273,0,0,0.0,0,2,0.0,4,4,8,0,0,0,4,10,6,0,0.0,0.0,2004
1765,453,Torraye Braggs,1610612745,HOU,7,24,3,7,0.429,0,0,0.0,0,0,0.0,7,5,12,0,0,0,2,4,6,12,0.0,0.0,2004
2800,456,Tony Bobbitt,1610612747,LAL,2,12,2,5,0.4,1,2,0.5,0,0,0.0,0,3,3,0,0,0,0,1,5,5,0.0,0.0,2004
292,457,Anthony Miller,1610612737,ATL,2,9,2,3,0.667,0,0,0.0,0,0,0.0,0,1,1,1,1,0,1,2,4,5,1.0,1.0,2004
998,457,Mark Pope,1610612743,DEN,9,27,2,6,0.333,0,0,0.0,0,0,0.0,5,3,8,1,1,2,1,5,4,11,1.0,1.0,2004
2632,459,Kirk Penney,1610612746,LAC,4,12,1,3,0.333,0,1,0.0,0,0,0.0,0,1,1,1,0,0,2,0,2,0,0.5,0.0,2004
2750,460,Pavel Podkolzin,1610612742,DAL,5,10,0,0,0.0,0,0,0.0,1,2,0.5,0,2,2,0,0,0,2,4,1,0,0.0,0.0,2004
2688,461,Brandin Knight,1610612745,HOU,1,3,0,1,0.0,0,0,0.0,0,0,0.0,0,0,0,1,0,0,0,0,0,0,0.0,0.0,2004
2825,461,Ibrahim Kutluay,1610612760,SEA,5,12,0,1,0.0,0,0,0.0,0,0,0.0,0,1,1,0,0,0,2,1,0,-2,0.0,0.0,2004
2669,461,Linton Johnson,1610612759,SAS,2,15,0,2,0.0,0,1,0.0,0,0,0.0,0,3,3,0,1,0,1,1,0,1,0.0,1.0,2004
2486,461,Maurice Baker,1610612757,POR,5,19,0,1,0.0,0,0,0.0,0,0,0.0,1,1,2,1,1,0,1,3,0,2,1.0,1.0,2004
